Random Walk,Bias Instability
0.0010716994932259288,0.0004775880529005491
Tau,AllanDev,AllanDevError,AllanDevN
0.01,0.012116004732341083,6.556026219590749e-06,3415368.0
0.02,0.008729925074207154,4.723804232798913e-06,3415366.0
0.03,0.008072930770927132,4.368302750406394e-06,3415364.0
0.04,0.006183697232227152,3.3460301224858386e-06,3415362.0
0.05,0.005208724583041192,2.8184682727910393e-06,3415360.0
0.06,0.004345351300775893,2.351293136360626e-06,3415358.0
0.07,0.004120507104268503,2.229629376021676e-06,3415356.0
0.08,0.0038315550519310553,2.0732764159332535e-06,3415354.0
0.09,0.0037684015075764837,2.039104267882425e-06,3415352.0
0.1,0.0034552394042907295,1.8696509553451119e-06,3415350.0
0.11,0.0033060336011024823,1.788915315922153e-06,3415348.0
0.12,0.003080872620274866,1.6670797987954881e-06,3415346.0
0.13,0.003019865070635394,1.634068703540138e-06,3415344.0
0.14,0.00288823250788506,1.5628419221268135e-06,3415342.0
0.15,0.00284070895374625,1.5371270592823937e-06,3415340.0
0.16,0.0026846088638109544,1.4526606574608041e-06,3415338.0
0.17,0.002617624825011891,1.4164155396760151e-06,3415336.0
0.18,0.002508170444104561,1.3571893876594739e-06,3415334.0
0.19,0.002474765216496456,1.3391139665559652e-06,3415332.0
0.2,0.002390552444954579,1.293546184823469e-06,3415330.0
0.21,0.002362301776082006,1.278259906415013e-06,3415328.0
0.22,0.0022820981341000646,1.234861452073855e-06,3415326.0
0.23,0.0022518543619374576,1.2184966631721966e-06,3415324.0
0.24,0.002178399676091819,1.1787500819035376e-06,3415322.0
0.25,0.0021546178652025027,1.1658818887041705e-06,3415320.0
0.26,0.002096822411260988,1.1346086136148283e-06,3415318.0
0.27,0.0020707454508431472,1.1204984744719503e-06,3415316.0
0.28,0.0020092563325454105,1.0872264931073953e-06,3415314.0
0.29,0.001982970089887585,1.0730030873116258e-06,3415312.0
0.3,0.001931075244983535,1.0449226223630212e-06,3415310.0
0.31,0.0019207205514560441,1.0393199065221392e-06,3415308.0
0.32,0.0018851981372844879,1.020098693702199e-06,3415306.0
0.33,0.0018726443457596738,1.0133060140616489e-06,3415304.0
0.34,0.001828779531715124,9.895706275818717e-07,3415302.0
0.35,0.0018066836146278813,9.776145953319644e-07,3415300.0
0.36,0.0017642072190959589,9.546304718827244e-07,3415298.0
0.37,0.001750145762225131,9.470219518241458e-07,3415296.0
0.38,0.0017185617445575987,9.299317858699187e-07,3415294.0
0.39,0.0017082307640250774,9.243418545905973e-07,3415292.0
0.4,0.0016768536106044252,9.073636084670748e-07,3415290.0
0.41,0.0016675253625579277,9.023162568488519e-07,3415288.0
0.42,0.0016399332818520722,8.873861392800337e-07,3415286.0
0.43,0.0016292429957349536,8.816017646914541e-07,3415284.0
0.44,0.001600467857267503,8.660314662259664e-07,3415282.0
0.45,0.001587880004718267,8.592202867931013e-07,3415280.0
0.46,0.0015611289010344096,8.447452016732542e-07,3415278.0
0.47,0.0015531049349089554,8.404035853412978e-07,3415276.0
0.48,0.0015309335627740465,8.284066342690566e-07,3415274.0
0.49,0.001523815202458326,8.245550449916018e-07,3415272.0
0.5,0.0015014373362551988,8.124463457547206e-07,3415270.0
0.51,0.0014924410653837886,8.075785885817766e-07,3415268.0
0.52,0.0014709212487479264,7.959341788075061e-07,3415266.0
0.53,0.0014645077096614536,7.924639633463083e-07,3415264.0
0.54,0.0014458415050581876,7.823636689636798e-07,3415262.0
0.55,0.0014385243079436507,7.784044662255814e-07,3415260.0
0.56,0.0014188655873416198,7.677670981636882e-07,3415258.0
0.57,0.001411345643225208,7.636981796936018e-07,3415256.0
0.58,0.001393787385333738,7.541973901566657e-07,3415254.0
0.59,0.0013889430377358536,7.515762675732883e-07,3415252.0
0.6,0.0013728072298920353,7.428451765223426e-07,3415250.0
0.61,0.001366911456517928,7.396551077328089e-07,3415248.0
0.62,0.0013505110291013535,7.30780818645791e-07,3415246.0
0.63,0.0013436785406397555,7.270838743864495e-07,3415244.0
0.64,0.0013280511047279446,7.186278534171334e-07,3415242.0
0.65,0.001323067532705165,7.159313794221244e-07,3415240.0
0.66,0.0013084277173725624,7.080097664713743e-07,3415238.0
0.67,0.0013031128466375417,7.051340170579711e-07,3415236.0
0.68,0.0012892709284473018,6.976441506122102e-07,3415234.0
0.69,0.0012846248642739498,6.951302980102628e-07,3415232.0
0.7,0.0012719219373085958,6.882567501226792e-07,3415230.0
0.71,0.0012675465069461806,6.858893375087914e-07,3415228.0
0.73,0.0012504639162664686,6.766460754496907e-07,3415224.0
0.74,0.0012379478881354945,6.698736480852561e-07,3415222.0
0.75,0.001232965951680894,6.671780369525322e-07,3415220.0
0.76,0.0012207729872396962,6.605804179460877e-07,3415218.0
0.77,0.0012165199149540896,6.582792030643932e-07,3415216.0
0.79,0.0012025252525767992,6.50706839050997e-07,3415212.0
0.8,0.0011922539541484511,6.451490539180654e-07,3415210.0
0.81,0.001188442838238845,6.430869820646472e-07,3415208.0
0.83,0.0011730226272056161,6.347432107917548e-07,3415204.0
0.84,0.0011629856939772381,6.293122336513629e-07,3415202.0
0.85,0.0011599032915688597,6.276444746913081e-07,3415200.0
0.87,0.0011470594988921305,6.206948316018172e-07,3415196.0
0.88,0.001137677885403412,6.156184495634069e-07,3415194.0
0.9,0.001125327735280115,6.089359125573496e-07,3415190.0
0.91,0.0011221678802990096,6.072262336513264e-07,3415188.0
0.93,0.0011096973055705482,6.004785217944063e-07,3415184.0
0.94,0.0011011160602537836,5.958352196325821e-07,3415182.0
0.96,0.0010907223743450568,5.902113405882691e-07,3415178.0
0.97,0.0010881364872597464,5.888122386103453e-07,3415176.0
0.99,0.0010770985172861923,5.828397154210245e-07,3415172.0
1.0,0.001069076128008918,5.784988082916483e-07,3415170.0
1.02,0.0010590952412458604,5.73098283348384e-07,3415166.0
1.04,0.001049581669132511,5.679506258253519e-07,3415162.0
1.05,0.0010469917845629655,5.66549350929156e-07,3415160.0
1.07,0.0010373497280782157,5.61332159403624e-07,3415156.0
1.09,0.0010284290618312183,5.565053217071283e-07,3415152.0
1.11,0.0010196074218429714,5.517320636500404e-07,3415148.0
1.12,0.0010130968612107308,5.482092162227813e-07,3415146.0
1.14,0.0010044740352201675,5.435435318480762e-07,3415142.0
1.16,0.0009963923221331806,5.391706505640448e-07,3415138.0
1.18,0.0009880896216022759,5.346781827334917e-07,3415134.0
1.2,0.0009807011549986678,5.306804230867255e-07,3415130.0
1.22,0.0009731027342314064,5.265690475632496e-07,3415126.0
1.24,0.0009651780704122253,5.22281129241693e-07,3415122.0
1.26,0.0009583698865596793,5.185973604857962e-07,3415118.0
1.28,0.0009515617103721136,5.149135915631245e-07,3415114.0
1.3,0.00094406228152907,5.108557641872991e-07,3415110.0
1.32,0.0009375922586103169,5.073549697335631e-07,3415106.0
1.34,0.0009311646751698325,5.038771362720024e-07,3415102.0
1.37,0.0009231804911181541,4.995571279281775e-07,3415096.0
1.39,0.000916774275439323,4.960908474704046e-07,3415092.0
1.41,0.0009104551833486334,4.926717078620604e-07,3415088.0
1.43,0.0009047692382645769,4.895951772689438e-07,3415084.0
1.46,0.0008943596583050246,4.839626963262942e-07,3415078.0
1.48,0.0008887780533704949,4.809426174967966e-07,3415074.0
1.51,0.0008818920753077093,4.772168417402327e-07,3415068.0
1.53,0.0008764113758748273,4.742513574027622e-07,3415064.0
1.56,0.0008671548972931635,4.6924282329880586e-07,3415058.0
1.58,0.0008621484727616858,4.6653397409145907e-07,3415054.0
1.61,0.0008557480393973244,4.6307091756066606e-07,3415048.0
1.63,0.0008508707583578865,4.6043194422904005e-07,3415044.0
1.66,0.0008427744370866239,4.560511801390934e-07,3415038.0
1.69,0.000836918988546283,4.5288301460453037e-07,3415032.0
1.71,0.0008323658678697851,4.504194425286623e-07,3415028.0
1.74,0.0008249869533789715,4.4642687117462017e-07,3415022.0
1.77,0.0008195042331698021,4.434603851831281e-07,3415016.0
1.8,0.0008123655361896808,4.395977903211293e-07,3415010.0
1.83,0.0008073726660554322,4.3689636738697373e-07,3415004.0
1.86,0.0008005126382136465,4.3318455730147907e-07,3414998.0
1.89,0.0007958703465871658,4.3067283408339313e-07,3414992.0
1.92,0.0007892638822151069,4.2709822405010504e-07,3414986.0
1.95,0.0007846863251994281,4.2462152126021346e-07,3414980.0
1.98,0.0007784957163842999,4.212719339775562e-07,3414974.0
2.01,0.0007740895732878431,4.1888798001529815e-07,3414968.0
2.05,0.0007673615922439398,4.1524771152421786e-07,3414960.0
2.08,0.0007613970579581822,4.120204435880476e-07,3414954.0
2.11,0.0007574015115414208,4.098586639438865e-07,3414948.0
2.15,0.0007510298285664579,4.064111808330709e-07,3414940.0
2.18,0.0007456339848881681,4.034916363569746e-07,3414934.0
2.22,0.0007397006646801015,4.002813541940654e-07,3414926.0
2.26,0.0007339533340467971,3.97171710961232e-07,3414918.0
2.29,0.00073042315110998,3.952617340236347e-07,3414912.0
2.33,0.0007248287873407053,3.922348552387948e-07,3414904.0
2.37,0.0007196787256948992,3.8944839991241727e-07,3414896.0
2.41,0.0007144095685298249,3.865974903933513e-07,3414888.0
2.45,0.0007094718714240504,3.83925941582518e-07,3414880.0
2.49,0.0007043938263664483,3.8117843807245327e-07,3414872.0
2.53,0.000699721876508299,3.786506843328305e-07,3414864.0
2.57,0.000695098828199661,3.761493875102585e-07,3414856.0
2.61,0.0006904718309700404,3.736459478862966e-07,3414848.0
2.65,0.0006861093318567197,3.712856346167441e-07,3414840.0
2.7,0.0006801258747147338,3.680482468744919e-07,3414830.0
2.74,0.0006760036727885573,3.65817957142757e-07,3414822.0
2.78,0.000671904478059094,3.6360011249695845e-07,3414814.0
2.83,0.0006674908534422928,3.612122149672619e-07,3414804.0
2.88,0.0006620873013818182,3.582886111077864e-07,3414794.0
2.92,0.0006583559562884012,3.5626981065279426e-07,3414786.0
2.97,0.0006542107892170513,3.5402716881329287e-07,3414776.0
3.02,0.0006493417029660635,3.5139276986259825e-07,3414766.0
3.07,0.0006454730247481745,3.4929973711995054e-07,3414756.0
3.12,0.0006408459011132751,3.4679626254874236e-07,3414746.0
3.17,0.0006371800171374669,3.448129600047149e-07,3414736.0
3.22,0.0006328864336924428,3.424899686390163e-07,3414726.0
3.27,0.0006293955090536911,3.4060133432744016e-07,3414716.0
3.33,0.0006249199110715164,3.381799305751418e-07,3414704.0
3.38,0.0006210002502559578,3.3605926984688107e-07,3414694.0
3.43,0.0006178184764002506,3.3433791694456283e-07,3414684.0
3.49,0.0006136711381166246,3.320941317865022e-07,3414672.0
3.55,0.0006096440117161583,3.2991539269355443e-07,3414660.0
3.61,0.0006057172699586862,3.277909702661536e-07,3414648.0
3.66,0.0006021834260467097,3.258790665664099e-07,3414638.0
3.72,0.0005984207460252674,3.238434144140939e-07,3414626.0
3.78,0.0005947995773196162,3.218843359903371e-07,3414614.0
3.85,0.0005910498760515724,3.1985578699088304e-07,3414600.0
3.91,0.0005877106907963933,3.1804929407988765e-07,3414588.0
3.97,0.0005844849021474135,3.1630416136517766e-07,3414576.0
4.04,0.000580574356725184,3.1418854585471183e-07,3414562.0
4.1,0.0005775462016943093,3.1255035298786375e-07,3414550.0
4.17,0.0005744216556342021,3.108600814342102e-07,3414536.0
4.24,0.0005709115425550055,3.089611450092525e-07,3414522.0
4.31,0.0005680084912813995,3.0739072611590904e-07,3414508.0
4.38,0.0005647437220025181,3.0562454845029615e-07,3414494.0
4.45,0.0005620067842396428,3.04144012756827e-07,3414480.0
4.52,0.0005588908162130686,3.024583488765466e-07,3414466.0
4.59,0.00055636420717928,3.0109162573750113e-07,3414452.0
4.67,0.0005532680867002442,2.9941677744411057e-07,3414436.0
4.74,0.0005504262436982291,2.97879443881197e-07,3414422.0
4.82,0.0005475316159037169,2.963136246889392e-07,3414406.0
4.9,0.0005447768211688592,2.9482347331205423e-07,3414390.0
4.98,0.0005421435035560761,2.933990563539603e-07,3414374.0
5.06,0.0005396397112708053,2.9204472984195516e-07,3414358.0
5.14,0.0005371706948024659,2.9070921716755043e-07,3414342.0
5.23,0.0005347134052816442,2.8938012946482194e-07,3414324.0
5.31,0.0005324337599299494,2.8814708939333004e-07,3414308.0
5.4,0.0005298558873338603,2.867527299635216e-07,3414290.0
5.49,0.0005277469367784106,2.856121397925369e-07,3414272.0
5.58,0.0005253787936147886,2.843312704123029e-07,3414254.0
5.67,0.0005233641542359829,2.832417085223518e-07,3414236.0
5.76,0.0005211696537593745,2.8205480082869633e-07,3414218.0
5.85,0.0005193748326380417,2.810841922175249e-07,3414200.0
5.95,0.0005173154301687979,2.799704694378501e-07,3414180.0
6.05,0.000515281204927492,2.78870366060912e-07,3414160.0
6.14,0.0005133230217664656,2.778113289918426e-07,3414142.0
6.24,0.0005114005780554538,2.767717097126081e-07,3414122.0
6.35,0.0005095512845317336,2.757717543628448e-07,3414100.0
6.45,0.0005077864876330147,2.748174422287966e-07,3414080.0
6.55,0.0005061053589600321,2.7390840644245744e-07,3414060.0
6.66,0.0005042129241201131,2.7288508428316657e-07,3414038.0
6.77,0.0005026001813860739,2.7201312818898997e-07,3414016.0
6.88,0.0005008945270909105,2.710908814872766e-07,3413994.0
6.99,0.000499458268408457,2.70314429858282e-07,3413972.0
7.1,0.0004979013432077224,2.6947266645868123e-07,3413950.0
7.22,0.0004964173413123495,2.6867044379477827e-07,3413926.0
7.34,0.0004950211441336253,2.6791573723308677e-07,3413902.0
7.46,0.0004937179776215448,2.6721137567739605e-07,3413878.0
7.58,0.0004924780069233116,2.6654121230230824e-07,3413854.0
7.7,0.0004912938157577371,2.659012335804991e-07,3413830.0
7.83,0.0004902100598191976,2.6531568647894585e-07,3413804.0
7.95,0.0004891599470782552,2.6474826609760837e-07,3413780.0
8.08,0.0004880206033197494,2.6413262438843063e-07,3413754.0
8.22,0.0004869738362311992,2.635671608980461e-07,3413726.0
8.35,0.00048614722427848124,2.6312077179396965e-07,3413700.0
8.49,0.00048525290096394747,2.626378082099505e-07,3413672.0
8.62,0.00048437683757187043,2.621646468930718e-07,3413646.0
8.76,0.000483559243238745,2.6172320462408167e-07,3413618.0
8.91,0.00048283633873566126,2.613330857423313e-07,3413588.0
9.05,0.000482166321771536,2.609715122637633e-07,3413560.0
9.2,0.00048143926560106627,2.605791396832083e-07,3413530.0
9.35,0.00048089382834512397,2.602850653804842e-07,3413500.0
9.5,0.0004802731203848874,2.5995024785006436e-07,3413470.0
9.66,0.0004797473885098394,2.596669099648187e-07,3413438.0
9.81,0.0004793512345187972,2.594536287593984e-07,3413408.0
9.97,0.00047891079885493715,2.5921645362414953e-07,3413376.0
10.13,0.00047852895464018584,2.5901098977365234e-07,3413344.0
10.3,0.00047816072166712405,2.5881296715091416e-07,3413310.0
10.47,0.00047796870143569447,2.5871032130732004e-07,3413276.0
10.64,0.0004777227274331995,2.5857847072172293e-07,3413242.0
10.81,0.0004776185582073849,2.5852337432520355e-07,3413208.0
10.99,0.00047753157374214646,2.5847765485729855e-07,3413172.0
11.16,0.00047747939306484066,2.584506978393885e-07,3413138.0
11.35,0.0004775880529005491,2.5851095244696665e-07,3413100.0
11.53,0.00047768877854090095,2.585668372954835e-07,3413064.0
11.72,0.0004778180698638796,2.5863826084123144e-07,3413026.0
11.91,0.00047808329318785087,2.5878326426615567e-07,3412988.0
12.1,0.00047833951645557117,2.5892339761666035e-07,3412950.0
12.3,0.0004787013241530939,2.591207612356602e-07,3412910.0
12.5,0.00047910510914415114,2.5934084959557597e-07,3412870.0
12.7,0.0004795483641754849,2.595823059052398e-07,3412830.0
12.91,0.0004801100834745992,2.598879669748039e-07,3412788.0
13.12,0.00048064883771028663,2.6018120054111917e-07,3412746.0
13.33,0.0004812961551898753,2.6053320472336883e-07,3412704.0
13.55,0.0004819845858474254,2.6090754504945154e-07,3412660.0
13.77,0.000482703721866302,2.6129851172382834e-07,3412616.0
14.0,0.0004834870726509583,2.617243212825637e-07,3412570.0
14.22,0.0004842996322384212,2.621658713712757e-07,3412526.0
14.45,0.00048521706448707884,2.6266427520892385e-07,3412480.0
14.69,0.0004861983224206032,2.6319731412325634e-07,3412432.0
14.93,0.00048719649706164983,2.6373951825862203e-07,3412384.0
15.17,0.00048822360692784964,2.6429739397255447e-07,3412336.0
15.42,0.000489313654920425,2.648894266529325e-07,3412286.0
15.67,0.0004904722118660699,2.6551855554320727e-07,3412236.0
15.92,0.000491621635404553,2.661427492338176e-07,3412186.0
16.18,0.0004928925089701891,2.668327785745747e-07,3412134.0
16.45,0.0004942664092025266,2.675786719114059e-07,3412080.0
16.71,0.0004955951159432906,2.6830003205533084e-07,3412028.0
16.99,0.0004970495996122131,2.690896532404647e-07,3411972.0
17.26,0.0004984709835354495,2.698612888262943e-07,3411918.0
17.54,0.0004999928000307627,2.7068738840712633e-07,3411862.0
17.83,0.0005016136188524162,2.7156717973567006e-07,3411804.0
18.12,0.0005032316621041487,2.7244548336951225e-07,3411746.0
18.41,0.000504925521214627,2.7336484838573565e-07,3411688.0
18.71,0.0005067115331940826,2.743342011164715e-07,3411628.0
19.02,0.0005085597428458041,2.7533732581018523e-07,3411566.0
19.33,0.0005104627130529683,2.763701167229377e-07,3411504.0
19.64,0.0005123621101694099,2.774009919002977e-07,3411442.0
19.96,0.0005143542947718594,2.784822045458639e-07,3411378.0
20.29,0.0005164510258949334,2.796201236792024e-07,3411312.0
20.62,0.0005185306121982924,2.8074878211006457e-07,3411246.0
20.95,0.0005206472801352575,2.81897539761376e-07,3411180.0
21.29,0.0005228369783850824,2.830859443282793e-07,3411112.0
21.64,0.0005251146615448548,2.8432209517565475e-07,3411042.0
21.99,0.0005274392076012963,2.8558364548625364e-07,3410972.0
22.35,0.0005298260740019603,2.868790497191549e-07,3410900.0
22.71,0.0005322294845554587,2.881834394022743e-07,3410828.0
23.08,0.0005347010908159121,2.8952486749109434e-07,3410754.0
23.46,0.0005372550030454624,2.9091097674995757e-07,3410678.0
23.84,0.0005398031797828397,2.922940112628707e-07,3410602.0
24.23,0.000542430477657702,2.937200059467784e-07,3410524.0
24.62,0.0005450328620504086,2.951325427577248e-07,3410446.0
25.02,0.0005477185663961521,2.9659031673070305e-07,3410366.0
25.43,0.0005504735566983448,2.9808573122471616e-07,3410284.0
25.84,0.0005532036225081244,2.9956768474974824e-07,3410202.0
26.26,0.0005560039874005331,3.010878306630559e-07,3410118.0
26.69,0.000558870744835392,3.026440562169085e-07,3410032.0
27.12,0.0005617165158668805,3.0418895620234765e-07,3409946.0
27.57,0.0005647031844017035,3.0581037641007967e-07,3409856.0
28.01,0.0005675981877754612,3.073821081489435e-07,3409768.0
28.47,0.0005706122574938364,3.090185428288723e-07,3409676.0
28.93,0.0005736044588324882,3.106431786059954e-07,3409584.0
29.4,0.0005766418541996218,3.1229242563418326e-07,3409490.0
29.88,0.0005797253860764058,3.139667968146685e-07,3409394.0
30.37,0.0005828698138257841,3.156742881551322e-07,3409296.0
30.86,0.0005859904211843253,3.1736892766120696e-07,3409198.0
31.36,0.0005891603846559626,3.190904409084564e-07,3409098.0
31.87,0.0005923693407461205,3.2083321762616436e-07,3408996.0
32.39,0.0005956076324837839,3.225920299149372e-07,3408892.0
32.92,0.0005988828825180704,3.243710086929338e-07,3408786.0
33.45,0.0006021302097916237,3.261349189193324e-07,3408680.0
34.0,0.0006054545847490248,3.279408088858937e-07,3408570.0
34.55,0.0006087485473518617,3.2973028428427246e-07,3408460.0
35.11,0.0006120790734328946,3.315397198190077e-07,3408348.0
35.69,0.0006154939757647012,3.3339511466858266e-07,3408232.0
36.27,0.000618870463122472,3.3522976414073665e-07,3408116.0
36.86,0.000622266105160196,3.3707495094687007e-07,3407998.0
37.46,0.0006256873711779948,3.3893418167832527e-07,3407878.0
38.06,0.0006290739550100189,3.4077469035038356e-07,3407758.0
38.68,0.0006325423657262504,3.4265979215012437e-07,3407634.0
39.31,0.0006360267509131254,3.445537175982619e-07,3407508.0
39.95,0.0006395243396226111,3.4645496772991804e-07,3407380.0
40.6,0.0006430262042586746,3.4835870812461544e-07,3407250.0
41.26,0.0006465425335002992,3.502704604210774e-07,3407118.0
41.93,0.0006500745681332621,3.521908989968713e-07,3406984.0
42.62,0.0006536574950050822,3.5413919357195e-07,3406846.0
43.31,0.0006571944535874056,3.560626619638058e-07,3406708.0
44.01,0.0006607251152762086,3.579829018305185e-07,3406568.0
44.73,0.0006643103334865925,3.5993299159086855e-07,3406424.0
45.46,0.0006678905929352789,3.618805834033657e-07,3406278.0
46.2,0.0006714841438416144,3.6383556749300173e-07,3406130.0
46.95,0.0006750839062226907,3.6579410978556956e-07,3405980.0
47.71,0.0006786776719279161,3.6774959711906267e-07,3405828.0
48.49,0.0006823090743121314,3.697257833720034e-07,3405672.0
49.28,0.0006859503701854125,3.717075306414117e-07,3405514.0
50.08,0.0006896056187560031,3.7369704075438996e-07,3405354.0
50.89,0.0006932651049928823,3.756890513246823e-07,3405192.0
51.72,0.0006969757396803613,3.777090973781579e-07,3405026.0
52.56,0.0007006961975010023,3.7973467720446364e-07,3404858.0
53.42,0.0007044663035990041,3.817874884879304e-07,3404686.0
54.29,0.0007082458539347599,3.838456349293123e-07,3404512.0
55.17,0.0007120337161245034,3.859085050338203e-07,3404336.0
56.07,0.0007158751497533418,3.8800074543829506e-07,3404156.0
56.98,0.0007197235881863824,3.900970080169327e-07,3403974.0
57.91,0.0007236310775481587,3.9222562044092094e-07,3403788.0
58.85,0.0007275561695131361,3.943640066447921e-07,3403600.0
59.81,0.0007315512186854055,3.9654066489334945e-07,3403408.0
60.78,0.0007355666206383799,3.9872859604582174e-07,3403214.0
61.77,0.0007396441936387949,4.009505899128308e-07,3403016.0
62.77,0.0007437399526397913,4.031826905505744e-07,3402816.0
63.79,0.0007479028266806034,4.0545154529561774e-07,3402612.0
64.83,0.0007521257226568875,4.0775331606501316e-07,3402404.0
65.88,0.0007563644628871448,4.100639384431822e-07,3402194.0
66.96,0.0007607125684100393,4.1243436189985237e-07,3401978.0
68.05,0.000765088772347924,4.1482029278185424e-07,3401760.0
69.15,0.0007694952652180057,4.17222922408948e-07,3401540.0
70.28,0.0007740040437656694,4.1968153946714516e-07,3401314.0
71.42,0.0007785396409876862,4.2215498662182567e-07,3401086.0
72.58,0.0007831450128801691,4.246666856651772e-07,3400854.0
73.76,0.0007878187129644879,4.2721586058525953e-07,3400618.0
74.96,0.0007925635428104077,4.298040390965604e-07,3400378.0
76.18,0.0007973831366783401,4.3243320084744956e-07,3400134.0
77.42,0.0008022708682172313,4.350997612230079e-07,3399886.0
78.68,0.0008072296403096825,4.3780530345373753e-07,3399634.0
79.96,0.0008122549371101878,4.4054738740378305e-07,3399378.0
81.26,0.0008173417754211995,4.433233192130057e-07,3399118.0
82.58,0.0008224880935120585,4.4613198938827694e-07,3398854.0
83.93,0.0008277360982142924,4.4899643348772696e-07,3398584.0
85.29,0.0008330092911667658,4.518749024752171e-07,3398312.0
86.68,0.0008383839843017374,4.5480906619711064e-07,3398034.0
88.09,0.0008438267755604009,4.577806837866742e-07,3397752.0
89.52,0.0008493318778777482,4.607866255564427e-07,3397466.0
90.98,0.0008549343028571066,4.638460333365173e-07,3397174.0
92.46,0.0008605875977749555,4.669335806276588e-07,3396878.0
93.96,0.0008662985050964732,4.7005293507194805e-07,3396578.0
95.49,0.0008721024961732159,4.7322349337569603e-07,3396272.0
97.04,0.0008779587626311919,4.764229860373504e-07,3395962.0
98.62,0.0008838929722837939,4.796654932331075e-07,3395646.0
100.23,0.0008899023457539801,4.829495212756059e-07,3395324.0
101.86,0.0008959596312925615,4.862601514071166e-07,3394998.0
103.51,0.0009020638114648903,4.895968411600138e-07,3394668.0
105.2,0.0009082887662934005,4.929999912767028e-07,3394330.0
106.91,0.0009145555040476817,4.964264540636662e-07,3393988.0
108.65,0.000920896877303828,4.998942199688521e-07,3393640.0
110.41,0.0009272735652977992,5.033818105267059e-07,3393288.0
112.21,0.0009337591143467897,5.069294614918689e-07,3392928.0
114.03,0.0009402756021889718,5.1049458855417e-07,3392564.0
115.89,0.000946891009873297,5.141144143115085e-07,3392192.0
117.77,0.0009535340136810975,5.177499280280448e-07,3391816.0
119.69,0.0009602754236972868,5.214398969481467e-07,3391432.0
121.64,0.0009670756228403552,5.251626749043073e-07,3391042.0
123.62,0.0009739292913272482,5.28915388520237e-07,3390646.0
125.63,0.0009808294756647252,5.326942766390059e-07,3390244.0
127.67,0.000987767985647377,5.364949056554254e-07,3389836.0
129.75,0.0009947769554648437,5.403349035149359e-07,3389420.0
131.86,0.0010018203096608844,5.441945342448064e-07,3388998.0
134.0,0.001008896906381351,5.480731915964148e-07,3388570.0
136.18,0.0010160364388381883,5.519871841073856e-07,3388134.0
138.4,0.0010232305948128062,5.559320165195387e-07,3387690.0
140.65,0.0010304472879709091,5.598901097476802e-07,3387240.0
142.94,0.001037718107082295,5.638788084053999e-07,3386782.0
145.26,0.0010450033767789098,5.678764049065089e-07,3386318.0
147.62,0.0010523333812101046,5.718995389476193e-07,3385846.0
150.02,0.0010596999717438248,5.759438015707167e-07,3385366.0
152.46,0.0010670995771984943,5.800072707449762e-07,3384878.0
154.94,0.0010745292681980931,5.840883729034133e-07,3384382.0
157.46,0.0010819870131064144,5.881860221800442e-07,3383878.0
160.03,0.001089502308074454,5.923164479028919e-07,3383364.0
162.63,0.0010970152178153454,5.96446736683679e-07,3382844.0
165.27,0.0011045525472679033,6.005916522111838e-07,3382316.0
167.96,0.0011121347348038576,6.047625057712934e-07,3381778.0
170.69,0.0011197285129258426,6.089410504113575e-07,3381232.0
173.47,0.0011273613902069654,6.131424456387177e-07,3380676.0
176.29,0.0011349999982712656,6.173483836923556e-07,3380112.0
179.16,0.00114266212376199,6.215687401509689e-07,3379538.0
182.07,0.0011503128280487018,6.257843454953341e-07,3378956.0
185.04,0.001157998028514971,6.300205685325156e-07,3378362.0
188.05,0.0011656529313535987,6.342418072356973e-07,3377760.0
191.1,0.0011732710262306076,6.384445302493847e-07,3377150.0
194.21,0.0011808983241767595,6.426541680092505e-07,3376528.0
197.37,0.0011885028393492274,6.468531451001149e-07,3375896.0
200.58,0.0011960780935543673,6.510379514170565e-07,3375254.0
203.84,0.0012036245691725291,6.55208864495022e-07,3374602.0
207.16,0.001211155282331151,6.593731808733566e-07,3373938.0
210.53,0.0012186392519730209,6.63513856296982e-07,3373264.0
213.95,0.0012260727656288823,6.676288809761221e-07,3372580.0
217.43,0.0012334744388042764,6.71728602729433e-07,3371884.0
220.97,0.0012408396565844384,6.758105257415494e-07,3371176.0
224.56,0.0012481444603230445,6.798614147810505e-07,3370458.0
228.22,0.0012554290319353476,6.839035736925911e-07,3369726.0
231.93,0.001262648471146441,6.879121546100523e-07,3368984.0
235.7,0.0012698129193846426,6.918928960283372e-07,3368230.0
239.54,0.001276930863048599,6.958506416541919e-07,3367462.0
243.43,0.0012839604493981103,6.99762183376433e-07,3366684.0
247.39,0.0012909329524010526,7.036449876273998e-07,3365892.0
251.42,0.0012978407391417456,7.074949082208491e-07,3365086.0
255.5,0.001304647753268126,7.112918773369424e-07,3364270.0
259.66,0.0013114020100731352,7.150627120654936e-07,3363438.0
263.88,0.0013180622191349537,7.187844858106668e-07,3362594.0
268.18,0.001324650663834021,7.224697839428603e-07,3361734.0
272.54,0.0013311294378186127,7.260975105586355e-07,3360862.0
276.97,0.0013375063855758538,7.296721600704802e-07,3359976.0
281.48,0.0013437899778383005,7.331985746902577e-07,3359074.0
286.05,0.0013499641187941199,7.366675389540617e-07,3358160.0
290.71,0.0013560747410059607,7.401047786755189e-07,3357228.0
295.44,0.0013620852927903311,7.434899146414282e-07,3356282.0
300.24,0.0013679872599128653,7.468182987328236e-07,3355322.0
305.12,0.001373778603655584,7.500890387711857e-07,3354346.0
310.09,0.0013794388216273783,7.532911625816763e-07,3353352.0
315.13,0.0013849160627692025,7.563958959175304e-07,3352344.0
320.26,0.0013902157949526252,7.594066552554246e-07,3351318.0
325.47,0.0013953151697242902,7.62310712379575e-07,3350276.0
330.76,0.001400206684250687,7.651039396638048e-07,3349218.0
336.14,0.0014048999649363806,7.677917959306515e-07,3348142.0
341.61,0.0014093825062806596,7.703674177714772e-07,3347048.0
347.16,0.0014136314678570906,7.728180545575348e-07,3345938.0
352.81,0.0014176558623269523,7.751490542526355e-07,3344808.0
358.55,0.0014214559683129728,7.77360298400874e-07,3343660.0
364.38,0.0014250309677954615,7.794512970291305e-07,3342494.0
370.31,0.0014283967950844089,7.814309564305738e-07,3341308.0
376.33,0.0014315474528965677,7.832957205096054e-07,3340104.0
382.45,0.001434492285409733,7.850508924332471e-07,3338880.0
388.67,0.001437234831250854,7.866983661231917e-07,3337636.0
394.99,0.0014397881647768035,7.882452555328592e-07,3336372.0
401.42,0.0014421481793438818,7.896895070033384e-07,3335086.0
407.95,0.001444357649284358,7.910542667577079e-07,3333780.0
414.58,0.0014464300893826903,7.923469052592973e-07,3332454.0
421.33,0.0014483627356058554,7.93566354714706e-07,3331104.0
428.18,0.001450153284543694,7.947108460590839e-07,3329734.0
435.14,0.001451819613467509,7.957903831924511e-07,3328342.0
442.22,0.0014533817727976368,7.968161700180538e-07,3326926.0
449.42,0.0014548460768573457,7.977916478887868e-07,3325486.0
456.73,0.001456207851807457,7.987139928794167e-07,3324024.0
464.15,0.0014574784436586093,7.99589405543234e-07,3322540.0
471.7,0.0014586774392504618,8.004290950965514e-07,3321030.0
479.38,0.0014598133451883375,8.012377182905225e-07,3319494.0
487.17,0.0014609874094243512,8.020703662685378e-07,3317936.0
495.1,0.0014623373038559126,8.030033914501299e-07,3316350.0
503.15,0.001463940090809926,8.040787221529419e-07,3314740.0
511.33,0.0014657799227386617,8.05288012638468e-07,3313104.0
519.65,0.001467874381085761,8.066412840992086e-07,3311440.0
528.1,0.001470252244131868,8.081542395062181e-07,3309750.0
536.69,0.0014729571089369103,8.098512368204496e-07,3308032.0
545.42,0.001475957693331826,8.117152401443201e-07,3306286.0
554.29,0.0014792387916387135,8.137380438883696e-07,3304512.0
563.31,0.0014827851483687768,8.159116575358408e-07,3302708.0
572.47,0.0014865317703084346,8.18200217131967e-07,3300876.0
581.78,0.0014904655203993448,8.205968669221794e-07,3299014.0
591.25,0.001494559289791448,8.230870551046384e-07,3297120.0
600.86,0.0014987699457259848,8.256466404262281e-07,3295198.0
610.64,0.0015031109666031794,8.282839017665449e-07,3293242.0
620.57,0.0015075608642716597,8.309866042377968e-07,3291256.0
630.66,0.0015121299952101386,8.3376081212134e-07,3289238.0
640.92,0.0015168273333928332,8.366118404386011e-07,3287186.0
651.34,0.0015216439357411266,8.395346206139786e-07,3285102.0
661.94,0.001526576311897174,8.425278554129831e-07,3282982.0
672.7,0.0015316049116717587,8.45580358926246e-07,3280830.0
683.65,0.001536739285922095,8.486982905057921e-07,3278640.0
694.77,0.001541970725731222,8.518764446569898e-07,3276416.0
706.07,0.0015473037248973642,8.551176825464997e-07,3274156.0
717.55,0.0015527269411442792,8.584158585795131e-07,3271860.0
729.22,0.001558232456601678,8.617669781019774e-07,3269526.0
741.08,0.0015638101081907065,8.651655403561548e-07,3267154.0
753.14,0.001569457753288541,8.686107434881526e-07,3264742.0
765.39,0.0015751646984779532,8.720965221665986e-07,3262292.0
777.84,0.0015809275734125453,8.756213922413021e-07,3259802.0
790.49,0.0015867485747610773,8.791866883649557e-07,3257272.0
803.35,0.001592634452938127,8.827965443648927e-07,3254700.0
816.41,0.0015985923284778994,8.864547674655917e-07,3252088.0
829.69,0.0016046382163187266,8.901709241053301e-07,3249432.0
843.19,0.0016107611105267163,8.93939062176195e-07,3246732.0
856.9,0.0016169272324188834,8.9774030169944e-07,3243990.0
870.84,0.0016231368706421253,9.015754847329648e-07,3241202.0
885.0,0.0016293873615071063,9.05442987525425e-07,3238370.0
899.4,0.0016356722293005132,9.093399037974699e-07,3235490.0
914.03,0.0016419693928040999,9.132538071447186e-07,3232564.0
928.89,0.0016482705653606382,9.171802045490175e-07,3229592.0
944.0,0.0016545655140731397,9.211140831207902e-07,3226570.0
959.36,0.0016608424879347,9.250490126841891e-07,3223498.0
974.96,0.0016671365954557466,9.290043751170672e-07,3220378.0
990.82,0.0016734960837017218,9.33007780418517e-07,3217206.0
1006.93,0.0016799436170952264,9.370717617698912e-07,3213984.0
1023.31,0.0016864761481461842,9.411954050265555e-07,3210708.0
1039.96,0.0016930693134261357,9.453653173660925e-07,3207378.0
1056.87,0.0016996927018672822,9.49564406258308e-07,3203996.0
1074.06,0.0017063407173803868,9.537903042423032e-07,3200558.0
1091.53,0.0017129677886695493,9.580176961556957e-07,3197064.0
1109.28,0.0017195478538473685,9.622321296999307e-07,3193514.0
1127.33,0.001726067885393211,9.664270243911168e-07,3189904.0
1145.66,0.0017324994586471597,9.705859519911266e-07,3186238.0
1164.3,0.0017388391717692415,9.747079913555641e-07,3182510.0
1183.24,0.001745064434042611,9.787802408979421e-07,3178722.0
1202.48,0.0017511573013298525,9.827926776609614e-07,3174874.0
1222.04,0.001757096363521139,9.867339276370032e-07,3170962.0
1241.92,0.001762886238855128,9.90606597078367e-07,3166986.0
1262.12,0.0017685365638608187,9.944161167850362e-07,3162946.0
1282.64,0.0017740473846185878,9.98162531983154e-07,3158842.0
1303.51,0.0017794285057847422,1.0018523317056876e-06,3154668.0
1324.71,0.0017846736585921809,1.0054813840002117e-06,3150428.0
1346.26,0.001789793989574331,1.0090566330208947e-06,3146118.0
1368.15,0.0017947992759846012,1.012583310348389e-06,3141740.0
1390.41,0.0017996857858223103,1.0160603225731503e-06,3137288.0
1413.02,0.0018044350127889243,1.0194766121803473e-06,3132766.0
1436.0,0.001809051368869564,1.0228353417650871e-06,3128170.0
1459.36,0.001813529719603514,1.026133960243953e-06,3123498.0
1483.1,0.001817862220129064,1.029368045737964e-06,3118750.0
1507.22,0.001822038671952247,1.032531825258622e-06,3113926.0
1531.74,0.0018260407503896973,1.0356155611873668e-06,3109022.0
1556.65,0.0018298230721235428,1.0385931280568808e-06,3104040.0
1581.97,0.001833397378270305,1.0414717628934672e-06,3098976.0
1607.7,0.0018367721398812912,1.0442561946056313e-06,3093830.0
1633.85,0.0018400599212004152,1.0470107298875543e-06,3088600.0
1660.42,0.0018432585937156873,1.0497342369293226e-06,3083286.0
1687.43,0.001846365818571288,1.0524261425254194e-06,3077884.0
1714.88,0.001849401061632206,1.0550976322547172e-06,3072394.0
1742.77,0.001852358206124422,1.0577453224396168e-06,3066816.0
1771.12,0.0018551909910872102,1.0603435645250718e-06,3061146.0
1799.92,0.0018579236901850225,1.0629059305760344e-06,3055386.0
1829.2,0.0018606107064670359,1.0654646876732778e-06,3049530.0
1858.95,0.0018631204625904558,1.0679442331307393e-06,3043580.0
1889.19,0.0018654165180852975,1.070324304060675e-06,3037532.0
1919.92,0.001867484405613438,1.0725964708055603e-06,3031386.0
1951.14,0.0018693155735008246,1.0747556615144125e-06,3025142.0
1982.88,0.0018708362963979525,1.0767603328943714e-06,3018794.0
2015.13,0.0018719875606248387,1.0785758099969308e-06,3012344.0
2047.91,0.0018727452257217099,1.0801884405292987e-06,3005788.0
2081.22,0.0018728971543516737,1.0814752225956438e-06,2999126.0
2115.07,0.0018723788088091764,1.0823982642077283e-06,2992356.0
2149.47,0.0018711991080232603,1.0829619792695848e-06,2985476.0
2184.43,0.001869366741064657,1.0831706305962356e-06,2978484.0
2219.96,0.0018669626842595008,1.0830703975008723e-06,2971378.0
2256.07,0.0018641982090381569,1.0827833232317594e-06,2964156.0
2292.76,0.0018610727786698374,1.082308477487418e-06,2956818.0
2330.06,0.001857512615022277,1.0816033561061566e-06,2949358.0
2367.96,0.0018535590712670672,1.0806908720825336e-06,2941778.0
2406.47,0.0018492707911099851,1.079604859249688e-06,2934076.0
2445.61,0.001844741462701741,1.0784001614404145e-06,2926248.0
2485.39,0.0018399587315793941,1.0770694556954988e-06,2918292.0
2525.82,0.0018348486413149766,1.0755692531947973e-06,2910206.0
2566.9,0.0018293252386276076,1.0738483902900834e-06,2901990.0
2608.65,0.0018232454366136199,1.071822539472115e-06,2893640.0
2651.08,0.001816604605937826,1.0694879884826774e-06,2885154.0
2694.2,0.0018094252314967462,1.0668569436323557e-06,2876530.0
2738.02,0.0018019123160719845,1.0640494166378158e-06,2867766.0
2782.55,0.0017940028491389463,1.0610276077564112e-06,2858860.0
2827.81,0.0017856033017140383,1.0577357414867255e-06,2849808.0
2873.81,0.001776640303072148,1.0541292321169718e-06,2840608.0
2920.55,0.0017670964269661104,1.050196029732969e-06,2831260.0
2968.05,0.0017569748985363958,1.0459369856691554e-06,2821760.0
3016.33,0.001746309317193797,1.0413710065627303e-06,2812104.0
3065.39,0.001735152691343968,1.0365279198402585e-06,2802292.0
3115.25,0.0017235390811801282,1.0314271094684653e-06,2792320.0
3165.92,0.0017114937833429711,1.0260824168897132e-06,2782186.0
3217.41,0.0016990589815909683,1.0205178752940968e-06,2771888.0
3269.74,0.0016862282966767113,1.01472879066491e-06,2761422.0
3322.93,0.0016729264366575482,1.0086688276822953e-06,2750784.0
3376.98,0.0016590707797295684,1.0022860678162915e-06,2739974.0
3431.9,0.0016445915036351255,9.955362309985254e-07,2728990.0
3487.72,0.0016294885492061817,9.884176420558358e-07,2717826.0
3544.45,0.0016137902159116212,9.809450206714833e-07,2706480.0
3602.1,0.0015975597330051942,9.731543974412562e-07,2694950.0
3660.69,0.0015809039386979152,9.651090078767151e-07,2683232.0
3720.23,0.0015640070646992215,9.569195501967667e-07,2671324.0
3780.74,0.0015470429401217075,9.4869163384227e-07,2659222.0
3842.24,0.0015299772909873315,9.404038813903565e-07,2646922.0
3904.73,0.0015128536671591341,9.320819229296031e-07,2634424.0
3968.24,0.001495709537847827,9.237489204463978e-07,2621722.0
4032.78,0.0014787295182107814,9.155186254618293e-07,2608814.0
4098.38,0.001461916103218659,9.073935823206925e-07,2595694.0
4165.04,0.001445200740542447,8.993311044222928e-07,2582362.0
4232.78,0.0014285332187612169,8.913002207415263e-07,2568814.0
4301.63,0.0014118762959822997,8.832780847732514e-07,2555044.0
4371.6,0.0013952205234647925,8.752583258950523e-07,2541050.0
4442.7,0.0013787922889354504,8.673828553896243e-07,2526830.0
4514.96,0.0013627125479585772,8.597293714610639e-07,2512378.0
4588.4,0.0013475291059941983,8.526462512686881e-07,2497690.0
4663.03,0.0013334052246141645,8.462417206415474e-07,2482764.0
4738.87,0.0013204467517848614,8.405893121740665e-07,2467596.0
4815.95,0.0013085897358899243,8.356556166467437e-07,2452180.0
4894.28,0.0012975291175024812,8.312519114094086e-07,2436514.0
4973.89,0.0012874372971440407,8.274948311845101e-07,2420592.0
5054.79,0.0012779893863109149,8.241813894172218e-07,2404412.0
5137.01,0.0012693366900397099,8.214149107043571e-07,2387968.0
5220.56,0.0012615163153522377,8.192255094684228e-07,2371258.0
5305.48,0.0012547480836322665,8.177640940281174e-07,2354274.0
5391.77,0.001249380110446,8.172665895957649e-07,2337016.0
5479.47,0.00124580056804388,8.180005260846486e-07,2319476.0
5568.59,0.0012438262974533137,8.198603888706111e-07,2301652.0
5659.17,0.0012433127737719112,8.227662418818509e-07,2283536.0
5751.21,0.0012439889204578986,8.265519181242026e-07,2265128.0
5844.76,0.0012453795113467354,8.309146790992191e-07,2246418.0
5939.82,0.0012476470886396548,8.359726419022905e-07,2227406.0
6036.43,0.0012516930189793497,8.423450627231347e-07,2208084.0
6134.62,0.001257360786777227,8.49947291915395e-07,2188446.0
6234.4,0.0012638659756027267,8.58266794732738e-07,2168490.0
6335.8,0.0012706804284765957,8.669578310444836e-07,2148210.0
6438.85,0.0012779947307772863,8.761613118783911e-07,2127600.0
6543.58,0.0012858640677499984,8.859280540547813e-07,2106654.0
6650.01,0.0012946968207409116,8.965545708828389e-07,2085368.0
6758.18,0.001304664152698963,9.081798672868152e-07,2063734.0
6868.1,0.0013156905647717068,9.207727926488048e-07,2041750.0
6979.81,0.0013276628374227636,9.34277226662018e-07,2019408.0
7093.34,0.0013404139219928574,9.485982157616697e-07,1996702.0
7208.71,0.0013537209975958686,9.635993899362776e-07,1973628.0
7325.96,0.0013672254562219295,9.790458017310128e-07,1950178.0
7445.12,0.0013812226171250224,9.95168299692462e-07,1926346.0
7566.21,0.0013957359261555144,1.0120067006925896e-06,1902128.0
7689.28,0.0014099799891044674,1.029014174198688e-06,1877514.0
7814.35,0.0014242651742769122,1.0464337707292136e-06,1852500.0
7941.45,0.0014389890936121466,1.0645810236130562e-06,1827080.0
8070.62,0.0014549294337771951,1.0840652300182794e-06,1801246.0
8201.88,0.001473519598132595,1.1060059714012696e-06,1774994.0
8335.29,0.0014949412913355853,1.1306148056415763e-06,1748312.0
8470.86,0.0015184800821391171,1.1574271974361972e-06,1721198.0
8608.64,0.0015431400959729552,1.1857538633396439e-06,1693642.0
8748.66,0.0015686608710894301,1.2154546331092405e-06,1665638.0
8890.96,0.0015953672719650836,1.2468457476632256e-06,1637178.0
9035.57,0.0016232972970697751,1.2800309639399607e-06,1608256.0
9182.54,0.0016519295169523053,1.3146780959675744e-06,1578862.0
9331.89,0.0016807784248293717,1.3504729113555316e-06,1548992.0
9483.68,0.001709687858902149,1.3873635117698235e-06,1518634.0
9637.93,0.0017383701984343368,1.425188555221642e-06,1487784.0
9794.69,0.001766936270417626,1.4641169871644821e-06,1456432.0
9954.0,0.0017954591444844887,1.5042971409452608e-06,1424570.0
10115.91,0.001824366676642162,1.5461911670069227e-06,1392188.0
10280.44,0.0018535946601094054,1.5898640409343271e-06,1359282.0
10447.65,0.0018828852881948672,1.6352279567140653e-06,1325840.0
10617.59,0.001911674840539905,1.681928940834988e-06,1291852.0
10790.28,0.0019393543053507567,1.7295586072145892e-06,1257314.0
10965.79,0.0019659287925145996,1.7782569370883889e-06,1222212.0
11144.15,0.001990663729729335,1.827497164726494e-06,1186540.0
11325.41,0.0020131697728131936,1.8770554676770719e-06,1150288.0
11509.62,0.0020341554577195976,1.927744889791342e-06,1113446.0
11696.82,0.0020538972926304215,1.9800282013322697e-06,1076006.0
11887.07,0.002071142550577912,2.032921080151147e-06,1037956.0
12080.42,0.00208309737055642,2.0838414347878207e-06,999286.0
12276.91,0.002090601978349848,2.1337250450774448e-06,959988.0
12476.59,0.002099884759425364,2.1892193326270115e-06,920052.0
12679.52,0.0021133611773345557,2.253534431220806e-06,879466.0
12885.76,0.0021278477023589713,2.324138737772656e-06,838218.0
13095.35,0.002139607308941864,2.3977048122721915e-06,796300.0
13308.34,0.0021484202894020985,2.4746820676252184e-06,753702.0
13524.8,0.002157515230606561,2.5597605238409035e-06,710410.0
13744.79,0.0021744206955097577,2.6636193949727793e-06,666412.0
13968.35,0.002199875237301094,2.790021933555829e-06,621700.0
14195.54,0.0022350536097218957,2.9442721667164416e-06,576262.0
14426.43,0.0022811323782291225,3.1331280233716707e-06,530084.0
14661.08,0.0023282789279400326,3.349594369865773e-06,483154.0
14899.55,0.002372300692894458,3.594972740186096e-06,435460.0
15141.89,0.0024135210356560533,3.879717419320452e-06,386992.0
15388.17,0.0024507089919425557,4.216994810073917e-06,337736.0
15638.46,0.002489208191899549,4.640960757593455e-06,287678.0
15892.82,0.0025224420992920943,5.1835209140600486e-06,236806.0
16151.32,0.002536607944459844,5.8958048527064845e-06,185106.0
16414.02,0.0025336630269732516,6.958774731788493e-06,132566.0
16681.0,0.0025551667024549724,9.081109592877426e-06,79170.0
16952.32,0.0025605695162147363,1.6224995274828253e-05,24906.0
